{"alpha":{"start":1,"end":1},"scale":{"start":0.84999999999999997779553950749686919152736663818359375,"end":0.84999999999999997779553950749686919152736663818359375,"minimumScaleMultiplier":0.5},"color":{"start":"#ffffff","end":"#ffffff"},"speed":{"start":200,"end":200,"minimumSpeedMultiplier":1.899999999999999911182158029987476766109466552734375},"acceleration":{"x":0,"y":0},"maxSpeed":1,"startRotation":{"min":150,"max":390},"noRotation":false,"rotationSpeed":{"min":0,"max":0},"lifetime":{"min":7,"max":7},"blendMode":"normal","frequency":0.34999999999999997779553950749686919152736663818359375,"emitterLifetime":-1,"maxParticles":100,"pos":{"x":0,"y":0},"addAtBack":false,"spawnType":"circle","spawnCircle":{"x":0,"y":0,"r":0}}