{"alpha":{"start":1,"end":1},"scale":{"start":0.65000000000000002220446049250313080847263336181640625,"end":0.65000000000000002220446049250313080847263336181640625,"minimumScaleMultiplier":0.5},"color":{"start":"#ffffff","end":"#f9fcc0"},"speed":{"start":500,"end":500,"minimumSpeedMultiplier":1.899999999999999911182158029987476766109466552734375},"acceleration":{"x":0,"y":0},"maxSpeed":1,"startRotation":{"min":0,"max":360},"noRotation":false,"rotationSpeed":{"min":0,"max":0},"lifetime":{"min":1.5,"max":1.5},"blendMode":"normal","frequency":0.001000000000000000020816681711721685132943093776702880859375,"emitterLifetime":1,"maxParticles":20,"pos":{"x":0,"y":0},"addAtBack":false,"spawnType":"circle","spawnCircle":{"x":0,"y":0,"r":100}}