{"alpha":{"start":1,"end":1},"scale":{"start":0.84999999999999997779553950749686919152736663818359375,"end":0.84999999999999997779553950749686919152736663818359375,"minimumScaleMultiplier":0.5},"color":{"start":"#ffffff","end":"#ffffff"},"speed":{"start":400,"end":400,"minimumSpeedMultiplier":1.899999999999999911182158029987476766109466552734375},"acceleration":{"x":0,"y":0},"maxSpeed":1,"startRotation":{"min":0,"max":360},"noRotation":false,"rotationSpeed":{"min":0,"max":0},"lifetime":{"min":1.5,"max":1.5},"blendMode":"normal","frequency":0.1000000000000000055511151231257827021181583404541015625,"emitterLifetime":-1,"maxParticles":20,"pos":{"x":0,"y":0},"addAtBack":false,"spawnType":"point"}